{"cameraMode":{"drawMode":0,"name":"Shaded","section":"Shading Mode"},"sceneLighting":false,"audioPlay":false,"sceneViewState":{"showFog":true,"showMaterialUpdate":false,"showSkybox":false,"showFlares":true,"showImageEffects":true,"showParticleSystems":true},"in2DMode":false,"pivot":{"x":-0.001987844705581665,"y":-0.025642029941082,"z":-0.034726738929748538},"rotation":{"x":-0.0070242988876998428,"y":0.810612678527832,"z":-0.009728866629302502,"w":-0.5854616165161133},"size":0.4511745870113373,"orthographic":true}