{"cameraMode":{"drawMode":0,"name":"Shaded","section":"Shading Mode"},"sceneLighting":false,"audioPlay":false,"sceneViewState":{"showFog":true,"showMaterialUpdate":false,"showSkybox":false,"showFlares":true,"showImageEffects":true,"showParticleSystems":true},"in2DMode":false,"pivot":{"x":-0.001987844705581665,"y":-0.025642029941082,"z":-0.034726738929748538},"rotation":{"x":0.014760087244212628,"y":0.7545753121376038,"z":0.016979582607746125,"w":-0.6558308005332947},"size":0.4511745870113373,"orthographic":true}