{"cameraMode":{"drawMode":0,"name":"Shaded","section":"Shading Mode"},"sceneLighting":true,"audioPlay":false,"sceneViewState":{"showFog":true,"showMaterialUpdate":false,"showSkybox":true,"showFlares":true,"showImageEffects":true,"showParticleSystems":true},"in2DMode":false,"pivot":{"x":-2.2429068088531496,"y":4.074180603027344,"z":-0.7878743410110474},"rotation":{"x":-0.3135617673397064,"y":-0.3612480163574219,"z":0.130433589220047,"w":-0.86842942237854},"size":6.993435382843018,"orthographic":true}